Date,Sentiment_Score_AMZN,Price_AMZN,Sentiment_Score_AAPL,Price_AAPL,Sentiment_Score_MSFT,Price_MSFT,Sentiment_Score_NVIDIA,Price_NVIDIA
2007-01-03,0.9687659279496014,1.934999942779541,1.0516473234031232,2.992856979370117,1.0240629848187988,29.860000610351562,1.1064715474681246,6.013332843780518
2007-01-04,1.0210446794733434,1.9450000524520874,1.0207509355616695,3.059286117553711,1.062926987976736,29.809999465942383,0.9545180948633634,5.985000133514404
2007-01-05,0.9341836734693878,1.9184999465942383,0.8795351410615309,3.0374999046325684,0.9454694397551542,29.639999389648438,0.7221107018134975,5.610000133514404
2007-01-08,1.053571057430862,1.875,0.9693961674759698,3.052500009536743,1.0524570925127323,29.93000030517578,1.1263793183560626,5.65166711807251
2007-01-09,1.0123456790123457,1.8890000581741333,1.0060842886775236,3.3060710430145264,1.0562787609005977,29.959999084472656,1.046990629621316,5.5416669845581055
2007-01-10,1.0831122900088417,1.8574999570846558,1.0043640995179455,3.4642860889434814,1.0306633760027646,29.65999984741211,1.1710296963220985,5.815000057220459
2007-01-11,1.0855658135785091,1.8700000047683716,1.0687816166675952,3.421428918838501,1.1023008385168367,30.700000762939453,1.0487469283030295,5.793333053588867
2007-01-12,0.7567567567567568,1.909999966621399,0.9568355220185144,3.379286050796509,0.9710929091574514,31.209999084472656,1.0,5.87166690826416
2007-01-16,1.0339912280701755,1.9329999685287476,0.9981622616815607,3.4678568840026855,1.0100378533286882,31.15999984741211,0.9847236097236097,5.881667137145996
2007-01-17,1.0206752306125322,1.8940000534057617,0.968367591814844,3.391071081161499,1.0302139712261984,31.100000381469727,0.9077777777777778,5.758333206176758
2007-01-18,0.900550255312368,1.8489999771118164,0.9292826997434215,3.1810710430145264,0.8912787157440393,31.0,0.7702272813855017,5.281667232513428
2007-01-19,0.8981481481481483,1.8509999513626099,0.8008236585397874,3.1607139110565186,1.0376403235768858,31.110000610351562,1.0243506493506493,5.313333034515381
2007-01-22,0.9937842687289533,1.847499966621399,0.9157746842297129,3.0996429920196533,0.9427280290771023,30.719999313354492,1.105331820071679,5.313333034515381
2007-01-23,1.0526315789473684,1.8214999437332153,0.9710608883467543,3.06071400642395,1.0687516953651912,30.739999771118164,1.056485741566246,5.315000057220459
2007-01-24,1.1420147726008147,1.8630000352859497,1.0168550591930292,3.0964291095733643,1.0251377067180774,31.09000015258789,1.1744873385937196,5.480000019073486
2007-01-25,1.0047619047619047,1.8539999723434448,0.8874071539513245,3.080357074737549,1.0399618513044915,30.450000762939453,1.0367960688548923,5.288332939147949
2007-01-26,0.9594261589867745,1.8424999713897705,0.9294329696444444,3.049285888671875,0.9915188559907333,30.600000381469727,1.064516129032258,5.244999885559082
2007-01-29,0.9924827586206897,1.871500015258789,0.9563434195154807,3.0692861080169678,0.9776561682622658,30.530000686645508,1.0422837651834134,5.03000020980835
2007-01-30,1.018162393162393,1.8524999618530273,1.0384029426389179,3.055356979370117,0.9971935859481493,30.479999542236328,1.0974163879598662,5.126667022705078
2007-01-31,0.9351454931950288,1.8834999799728394,0.8898842845794066,3.061785936355591,1.0311033910829928,30.860000610351562,0.9962943071965629,5.108333110809326
2007-02-01,0.9827868459115442,1.934999942779541,1.007337465670799,3.0264289379119873,1.0696692441744728,30.559999465942383,0.9046534216134496,5.173333168029785
2007-02-02,1.0233326218378764,1.8695000410079956,0.7967994483115451,3.0267860889434814,1.0375558315917675,30.190000534057617,1.097008547008547,5.308332920074463
2007-02-05,1.0,1.8580000400543213,0.9887560147942838,2.997857093811035,1.022650904199047,29.610000610351562,1.0742630379871807,5.394999980926514
2007-02-06,1.0410150894411774,1.9134999513626099,0.9132723577601902,3.005357027053833,1.0218338205420676,29.510000228881836,1.0144036236383702,5.586667060852051
2007-02-07,1.1633501462691924,1.9490000009536743,1.0686824409359865,3.0767860412597656,1.051322174570228,29.3700008392334,1.087267348699618,5.804999828338623
2007-02-08,0.9791486291486292,1.9550000429153442,0.862572769355571,3.07785701751709,0.9478190586394591,29.260000228881836,1.0244026663649088,5.730000019073486
2007-02-09,0.9148936170212766,1.9359999895095825,0.8073644484940018,2.973928928375244,0.9305861258306911,28.979999542236328,0.9223873553473145,5.441667079925537
2007-02-12,0.9095679012345679,1.9424999952316284,0.9160273121535893,3.0314290523529053,1.0519354981214806,28.940000534057617,0.9788085578949186,5.561666965484619
2007-02-13,1.0396782344132507,1.965499997138977,0.9548071773386899,3.0250000953674316,1.0001514042839115,29.010000228881836,1.1625952502553198,5.6666669845581055
2007-02-14,1.233009708737864,2.006999969482422,0.8511479591836734,3.046428918838501,1.0504112676067445,29.399999618530273,1.1347551446444515,5.591667175292969
2007-02-15,1.125,2.003000020980835,0.9171025451367302,3.0432140827178955,1.0313183295942565,29.459999084472656,1.015648117264196,5.625
2007-02-16,1.0477124183006536,2.0164999961853027,0.96717527047821,3.0296430587768555,0.8954491400030449,28.739999771118164,0.873561602861475,5.453332901000977
2007-02-20,1.0296379838485101,2.075500011444092,0.9056479060238056,3.067857027053833,0.8004551766179959,28.829999923706055,1.0147058823529411,5.501667022705078
2007-02-22,1.4,2.049999952316284,0.9933470345440792,3.1967859268188477,0.9876086769294914,29.389999389648438,0.978554607006182,5.454999923706055
2007-02-26,0.9848484848484849,2.0439999103546143,0.985917911807598,3.1610710620880127,1.0444206722368192,29.06999969482422,1.0657790143084263,5.358333110809326
2007-02-27,1.0803289057558507,1.941499948501587,0.9285119344506647,2.997499942779541,0.8238427269065851,27.8700008392334,1.0248507027642366,5.196667194366455
2007-02-28,1.0208333333333335,1.9570000171661377,0.981402202029137,3.0217859745025635,0.9908314270845701,28.170000076293945,1.006875,5.1666669845581055
2007-03-01,1.2,1.9424999952316284,0.9550129271836125,3.109286069869995,0.9012722701651122,28.09000015258789,0.9911448450347881,5.103332996368408
2007-03-02,1.046044643042278,1.8845000267028809,0.9298331223017048,3.0503571033477783,0.8469017198728457,27.760000228881836,0.8810344827586206,4.961667060852051
2007-03-05,0.9713845089912349,1.8524999618530273,0.9179738219312257,3.0828568935394287,0.9191757661036446,27.549999237060547,1.0564312465139176,4.793333053588867
2007-03-06,1.0271185780111467,1.9290000200271606,1.0367625638382258,3.1496429443359375,0.9700504760959838,27.829999923706055,1.2295625666738805,5.076666831970215
2007-03-07,0.9578125,1.9179999828338623,0.9709568016188226,3.132857084274292,0.9393277325384861,27.610000610351562,0.94417768530009,4.933332920074463
2007-03-08,0.9705882352941176,1.9049999713897705,1.0323163295663798,3.142857074737549,0.9916667096354426,27.31999969482422,1.142610119047619,5.136666774749756
2007-03-09,0.9853372434017595,1.9420000314712524,1.0474116628774042,3.1417860984802246,0.99103180222245,27.290000915527344,1.0,5.085000038146973
2007-03-12,1.0,1.940500020980835,0.8947377846423262,3.2096428871154785,1.0056697523967733,27.440000534057617,1.0723208020050126,5.054999828338623
2007-03-13,1.025,1.8910000324249268,0.978564807452694,3.1571431159973145,0.982083544577754,26.719999313354492,1.0128205128205128,4.841667175292969
2007-03-14,0.8809523809523809,1.9040000438690186,0.8808863712778083,3.2142860889434814,0.9591170605670926,27.399999618530273,1.0740562396750852,4.818333148956299
2007-03-15,1.0628436238018781,1.8890000581741333,1.0519414113553136,3.1989290714263916,0.9258438996785392,27.280000686645508,1.218012574015362,4.769999980926514
2007-03-19,0.8302611367127497,1.9225000143051147,1.05646906575569,3.254642963409424,0.9880484775199876,27.829999923706055,1.0548007246376814,4.748332977294922
2007-03-20,0.9503968253968254,1.9290000200271606,1.0414135050624855,3.2671430110931396,0.986300543280784,27.84000015258789,1.173719355108933,4.724999904632568
2007-03-21,1.1487968860580327,1.9900000095367432,0.9976794581475326,3.3524999618530273,1.0102064740354877,28.520000457763672,1.139217076062135,4.994999885559082
2007-03-22,0.903735222679322,1.9744999408721924,0.9425882229218855,3.3557140827178955,0.9609001183826532,28.270000457763672,1.1138764266036993,5.105000019073486
2007-03-23,0.9269005847953217,1.9490000009536743,0.9891739593862217,3.3399999141693115,1.0091795834850847,28.020000457763672,1.0416666666666667,5.048333168029785
2007-03-26,1.0606617647058822,1.9505000114440918,1.0335358934757874,3.4232139587402344,0.9654126962669709,28.219999313354492,1.0279227053140096,5.058332920074463
2007-03-27,1.1095890410958904,1.968500018119812,0.6086519878496631,3.4092860221862793,1.0254107931933487,27.719999313354492,1.0602196206117775,4.9633331298828125
2007-03-29,1.1133871473158747,1.9904999732971191,0.9966764043219654,3.3482139110565186,0.9914899656546302,27.75,0.9064328163391694,4.783332824707031
2007-03-30,1.125,1.9895000457763672,1.0078581484018356,3.318213939666748,0.9215405024262024,27.8700008392334,1.1503618812221184,4.796667098999023
2007-04-02,1.0589178479369314,2.0209999084472656,0.9545144589157628,3.3446431159973145,0.9193448114152462,27.739999771118164,1.027286731240518,4.7916669845581055
2007-04-03,0.9883777338114212,2.059499979019165,0.9945324670389563,3.375,0.9395506893064988,27.8700008392334,1.0416757584520744,4.7733330726623535
2007-04-04,1.022419315102242,2.0764999389648438,1.0053378169449598,3.366786003112793,1.004183863684108,28.5,1.074374955992603,4.763332843780518
2007-04-05,1.040816326530612,2.0840001106262207,0.9706807752775353,3.3814289569854736,0.9263887965029459,28.549999237060547,1.0848654921505652,5.150000095367432
2007-04-10,1.1658387799564272,2.0929999351501465,1.0472363635949071,3.3660709857940674,0.987824628888303,28.399999618530273,1.0854251012145748,5.005000114440918
2007-04-11,1.1,2.0840001106262207,1.1085996237114302,3.306786060333252,0.9625674994619134,28.110000610351562,1.0315934065934067,4.914999961853027
2007-04-12,1.0,2.1135001182556152,0.9890453445407236,3.2925000190734863,0.9719336420442473,28.540000915527344,1.1166666666666667,5.054999828338623
2007-04-13,0.9702380952380952,2.120500087738037,1.0113486831547875,3.2228569984436035,1.0101383255638154,28.610000610351562,1.040983606557377,5.0966668128967285
2007-04-16,1.225897249055646,2.259999990463257,1.0411463653346573,3.26535701751709,1.0538554607687773,28.729999542236328,1.1054611474219318,5.070000171661377
2007-04-17,0.9203690171720863,2.253499984741211,1.0038246350795255,3.226785898208618,1.0158900941819153,28.850000381469727,1.0631880919336882,5.118332862854004
2007-04-18,0.9875272331154685,2.249500036239624,0.9834780260390017,3.2285709381103516,1.023757899572148,28.600000381469727,1.0266666666666666,5.181666851043701
2007-04-19,1.0880487734873534,2.2320001125335693,1.00560467665327,3.223928928375244,1.0819977516644947,28.690000534057617,0.9826281055900621,5.25333309173584
2007-04-20,1.0669319592268718,2.247499942779541,1.0112104640277229,3.248929023742676,0.9908823823671156,29.020000457763672,1.0553258499555842,5.315000057220459
2007-04-23,1.029562515924048,2.2385001182556152,1.059146967502218,3.3396430015563965,1.0492697333122767,28.780000686645508,1.0920357359562674,5.228332996368408
2007-04-24,1.006086446111962,2.237499952316284,1.0514474587759035,3.3299999237060547,1.0291987922774948,28.790000915527344,0.9210526315789473,5.425000190734863
2007-04-25,1.1097841535097632,2.8405001163482666,1.0774649655967146,3.4053568840026855,1.0547925629207182,28.989999771118164,0.9436786630310618,5.5183329582214355
2007-04-26,1.1727241140970577,3.1389999389648438,1.1313294556692022,3.5299999713897705,1.0047500583219506,29.100000381469727,1.0795861613876319,5.586667060852051
2007-04-27,0.9770262497738311,3.130000114440918,1.0520118137999153,3.568571090698242,1.0819055132946578,30.1200008392334,1.052878787878788,5.511666774749756
2007-04-30,0.9884815789951492,3.066499948501587,1.048958055892777,3.56428599357605,1.0599914711248586,29.940000534057617,1.082728283768032,5.4816670417785645
2007-05-01,0.9980506001523126,3.1019999980926514,1.0340716514628658,3.552500009536743,1.0228598327399625,30.399999618530273,1.1154922422489573,5.539999961853027
2007-05-02,1.0152027027027029,3.059000015258789,1.1317000739895478,3.5853569507598877,1.1086457595974648,30.610000610351562,1.063021532322644,5.474999904632568
2007-05-03,0.9953097427324232,3.109499931335449,0.9751965514017802,3.585714101791382,1.0802960922273621,30.969999313354492,1.1063555283224402,5.578332901000977
2007-05-04,1.0194805194805194,3.1614999771118164,1.0258448540706606,3.6003570556640625,1.031801747069044,30.559999465942383,1.2678571428571428,5.618332862854004
2007-05-07,0.9195011283056501,3.0409998893737793,1.0125849330811258,3.7114291191101074,1.0240601733554522,30.709999084472656,1.0434479396189886,5.506667137145996
2007-05-08,1.1324299899263461,3.0915000438690186,1.0733323921018356,3.752142906188965,0.9755322707514362,30.75,1.2383287964576075,5.548333168029785
2007-05-09,1.403968253968254,3.1424999237060547,1.102459886398332,3.817142963409424,0.984196608588616,30.780000686645508,1.0951189148909517,5.573332786560059
2007-05-10,1.1162741799831792,3.0460000038146973,0.9617208414112803,3.833570957183838,1.028516234704929,30.579999923706055,1.1184083688378104,5.46999979019165
2007-05-11,1.255813953488372,3.078000068664551,1.022264729673264,3.883570909500122,1.0290753397772872,30.889999389648438,1.156133856526829,5.8566670417785645
2007-05-14,1.0833569783580932,3.0850000381469727,1.0281697408376982,3.9057140350341797,1.0509024014816715,30.969999313354492,1.073823364431998,5.798333168029785
2007-05-15,0.9739166685711238,3.0290000438690186,0.9937735353438671,3.8399999141693115,1.0214325558682393,30.899999618530273,1.0905302226777478,5.74666690826416
2007-05-16,1.1078915438164578,3.1610000133514404,1.0231836346720868,3.833570957183838,1.0220942916274562,31.06999969482422,1.0554949660841524,5.820000171661377
2007-05-17,0.9471018777631859,3.1085000038146973,0.9253154615076606,3.9085710048675537,0.9732269070825998,30.979999542236328,1.0582375478927202,5.72333288192749
2007-05-18,1.0,3.1649999618530273,1.0162037037037037,3.929286003112793,1.071213856153899,30.829999923706055,1.0918148880105403,5.836667060852051
2007-05-21,1.077166361996063,3.4149999618530273,1.0657011062326096,3.999285936355591,1.0788438285239879,31.049999237060547,1.062176422046447,5.855000019073486
2007-05-22,1.0020500403551251,3.444000005722046,1.0095505138389347,4.054999828338623,1.0408614217573737,30.690000534057617,1.1015711773981949,5.886666774749756
2007-05-23,1.0123570249348743,3.450000047683716,0.9935467869943677,4.03178596496582,1.0092353896634623,30.579999923706055,1.0453490574973952,5.730000019073486
2007-05-24,0.8890445927589307,3.4674999713897705,1.0064426590496243,3.953213930130005,1.0040692334812336,30.170000076293945,1.0441766450169812,5.5233330726623535
2007-05-25,0.9312442396313363,3.427500009536743,0.9319880552177956,4.057857036590576,0.9551212062109591,30.479999542236328,1.2940630797773653,5.610000133514404
2007-05-29,1.138477801268499,3.4814999103546143,1.065785253006484,4.083929061889648,1.0708808766497158,30.790000915527344,1.168390819706609,5.670000076293945
2007-05-30,0.9587545126353789,3.493000030517578,1.0428358986235038,4.241786003112793,1.0382384598105947,31.110000610351562,1.1172691197691198,5.683332920074463
2007-05-31,1.0544501619973319,3.4570000171661377,1.069896282153832,4.328214168548584,1.038501896253506,30.690000534057617,1.1768978723865942,5.7733330726623535
2007-06-01,1.039661319073084,3.428999900817871,1.0368150871435795,4.228570938110352,1.083989946502529,30.59000015258789,0.9941358877529091,5.813333034515381
2007-06-04,0.9893353213046309,3.5209999084472656,0.9493551394928784,4.333213806152344,1.0327283118570505,30.719999313354492,1.101855270389753,5.84499979019165
2007-06-05,0.9634580440789272,3.682499885559082,0.9997947352984502,4.381071090698242,1.0526526183663343,30.579999923706055,1.0800910601166382,6.0183329582214355
2007-06-06,0.9586715910977098,3.614500045776367,1.0134392987577991,4.415713787078857,0.9974669544432873,30.290000915527344,0.8638799358084025,6.063333034515381
2007-06-07,0.9362079196114724,3.6019999980926514,0.9950073308382882,4.431070804595947,0.9546974379915969,29.6200008392334,1.0410353535353536,5.998332977294922
2007-06-08,0.9586246816022097,3.6619999408721924,0.9951346098858124,4.446071147918701,0.9608004511698923,30.049999237060547,1.0535961302226553,6.091667175292969
2007-06-11,0.9827418969608556,3.558500051498413,0.9974188166988904,4.292500019073486,0.9731493635269417,30.020000457763672,1.0227272727272727,6.113333225250244
2007-06-12,0.9750150888668309,3.503499984741211,0.8383446420427695,4.299285888671875,1.0066350722681472,29.850000381469727,1.111686123560185,6.050000190734863
2007-06-13,1.005952380952381,3.5445001125335693,0.9662686814672334,4.1964287757873535,1.0386572862432215,30.389999389648438,1.0886147186147186,6.195000171661377
2007-06-14,0.9610585901027078,3.5969998836517334,1.046005640285411,4.2410712242126465,1.114124450722705,30.520000457763672,1.0493881118881119,6.304999828338623
2007-06-15,1.0247330363871718,3.619999885559082,1.0188058397705742,4.3035712242126465,1.0000723338715203,30.489999771118164,1.1698869772891307,6.591667175292969
2007-06-18,0.9799238877845956,3.5915000438690186,1.0083908795910081,4.46750020980835,0.9869392063114988,30.510000228881836,1.0690160540980955,6.59499979019165
2007-06-19,0.9539052968151794,3.490499973297119,0.7175440462934899,4.416429042816162,0.9771797866010811,30.459999084472656,1.1812061781234233,6.636666774749756
2007-06-20,1.0043837358953638,3.4549999237060547,1.052708945352568,4.341071128845215,1.0170922422943052,30.010000228881836,1.0850672593382031,6.6433329582214355
2007-06-21,0.9486753246753248,3.4835000038146973,1.0015614762078195,4.425000190734863,1.047038614859069,30.219999313354492,1.0114715132499938,7.163332939147949
2007-06-22,1.005952380952381,3.443000078201294,0.9862848411497002,4.392857074737549,0.9086414342775896,29.489999771118164,0.9240576214194013,7.269999980926514
2007-06-25,0.9637509850275808,3.433000087738037,1.019088319088319,4.369286060333252,1.0271111368213472,29.489999771118164,0.9987261470266854,7.078332901000977
2007-06-26,1.0070378151260504,3.374000072479248,0.9884613835228212,4.273213863372803,1.0457576648983244,29.520000457763672,1.0657629560519204,6.75
2007-06-27,1.0454545454545454,3.4070000648498535,1.016027377516404,4.353213787078857,1.0243852739185868,29.8700008392334,1.1619450078882128,6.931666851043701
2007-06-28,0.9878993558964496,3.444499969482422,1.000739594856835,4.305714130401611,0.9955828710660592,29.829999923706055,1.064221351114306,6.998332977294922
2007-06-29,1.0625,3.4205000400543213,0.9748292291307209,4.3585710525512695,1.007232251092469,29.469999313354492,1.0273132664437012,6.885000228881836
2007-07-02,0.9995777886639332,3.4804999828338623,0.9815900019087306,4.330714225769043,0.986791071428872,29.739999771118164,1.195472582972583,7.171667098999023
2007-07-03,1.0400510204081632,3.4725000858306885,1.057852610997053,4.541786193847656,0.9883421398720003,30.020000457763672,1.050147280255976,7.183332920074463
2007-07-05,0.9728657881883688,3.436500072479248,0.9612251499374614,4.7410712242126465,0.9527187075045881,29.989999771118164,0.9731297047354922,7.260000228881836
2007-07-06,1.0948953823953824,3.448499917984009,0.9846963807704787,4.724999904632568,0.9728266537506931,29.969999313354492,1.0905182108737983,7.295000076293945
2007-07-09,1.1201674165562658,3.6034998893737793,1.074727955068187,4.6546430587768555,0.9961447902756535,29.8700008392334,1.0612115905063693,7.506667137145996
2007-07-10,1.0044404332129964,3.5139999389648438,0.8843894947426151,4.726786136627197,1.0331234260174378,29.329999923706055,1.0241228070175437,7.579999923706055
2007-07-11,1.0977390956382551,3.5364999771118164,0.9901786451686136,4.728213787078857,0.962699569246367,29.489999771118164,1.0555555555555556,7.546667098999023
2007-07-12,1.1547619047619047,3.6394999027252197,0.988108918128655,4.788214206695557,0.9879661601119807,30.06999969482422,1.0024295432458696,7.691667079925537
2007-07-13,1.0610627730734734,3.755000114440918,1.0672955314177468,4.918929100036621,1.0059391964527369,29.81999969482422,1.025,7.644999980926514
2007-07-16,0.8782027550127098,3.684499979019165,1.0696537916554323,4.932143211364746,1.06850502513546,30.030000686645508,1.213373554550025,7.783332824707031
2007-07-17,0.9788120323713544,3.689500093460083,1.0597347552751655,4.961071014404297,0.9578591310772868,30.780000686645508,1.0643680629674688,7.75
2007-07-18,0.9718260869565217,3.6659998893737793,1.056908695877888,4.932857036590576,0.961230687733697,30.920000076293945,1.08,7.608333110809326
2007-07-19,1.1450357448369417,3.6675000190734863,0.9599515981013993,5.0,1.0163155328264337,31.510000228881836,1.0,7.599999904632568
2007-07-20,1.0127134724857685,3.5815000534057617,0.90266904739655,5.1339287757873535,0.9428725598960978,31.15999984741211,0.958620739425693,7.516666889190674
2007-07-23,1.0399077162622532,3.5869998931884766,1.0399300480823224,5.132143020629883,0.9735617243764167,31.190000534057617,1.1000117108974985,7.591667175292969
2007-07-24,1.0216833865086514,3.4625000953674316,0.9135799661217552,4.817500114440918,1.0293034021030016,30.799999237060547,1.1608363119259002,7.391666889190674
2007-07-25,1.0675817791756257,4.309000015258789,0.929220973844129,4.9021430015563965,1.0574666035890885,30.709999084472656,0.9454021134145357,7.3566670417785645
2007-07-26,0.7454412837881018,4.200500011444092,0.9773339147507398,5.214285850524902,1.0646580256149385,29.979999542236328,1.021223715337196,7.3933329582214355
2007-07-27,0.9038487008856401,4.202000141143799,0.9282785985075374,5.137499809265137,0.9413439413959184,29.389999389648438,0.8884517017509345,7.375
2007-07-30,0.985725324234125,4.135000228881836,0.9804875211378152,5.0510711669921875,0.8789607357342717,29.399999618530273,1.0679966779750987,7.581666946411133
2007-07-31,0.9792247538861503,3.927000045776367,1.0030142993891866,4.705714225769043,0.9786555074742661,28.989999771118164,1.1062636407486472,7.626667022705078
2007-08-01,0.8232482795897759,3.865499973297119,0.8419304422457294,4.8214287757873535,0.9021600951583163,29.299999237060547,1.028848848848849,7.570000171661377
2007-08-02,1.0228625303423726,3.9855000972747803,1.0283400783043357,4.874642848968506,1.051833326513646,29.520000457763672,1.0,7.5366668701171875
2007-08-03,0.8117108846916297,3.8399999141693115,0.9104088285117437,4.708929061889648,0.9531988214215533,28.959999084472656,1.0094651814214057,7.090000152587891
2007-08-06,1.039519041533292,3.950000047683716,0.8885788359753539,4.830357074737549,0.9988484012365303,29.540000915527344,1.185552608311229,7.150000095367432
2007-08-07,1.0475789979574672,3.9570000171661377,0.9627088779877756,4.822500228881836,1.0179872503523273,29.549999237060547,0.9950464396284829,7.263332843780518
2007-08-08,0.9495596995596997,3.8889999389648438,0.9176334453375862,4.786070823669434,1.015654720598546,30.0,1.028040946091619,7.59833288192749
2007-08-09,0.9286266059521873,3.7054998874664307,0.9388998210027346,4.5139288902282715,0.9431103740939545,29.299999237060547,0.9930301325922362,7.688333034515381
2007-08-10,0.9883720930232558,3.739000082015991,0.8622721364656849,4.464285850524902,0.9437536225157772,28.709999084472656,0.9679305374031153,7.331666946411133
2007-08-13,0.9761904761904763,3.743499994277954,0.9752463503711752,4.563929080963135,0.9807093735361708,28.6299991607666,0.9174536873431941,7.251667022705078
2007-08-14,1.052295918367347,3.672499895095825,0.9410497982085108,4.429643154144287,0.9251921606237881,28.270000457763672,0.9651415122157808,7.533332824707031
2007-08-15,1.0952380952380951,3.61899995803833,0.8670600233100233,4.2821431159973145,0.9753241353810312,28.100000381469727,0.9735449735449735,7.215000152587891
2007-08-17,1.1507177033492821,3.750999927520752,0.8949564154231673,4.359285831451416,0.8382073069573069,28.25,0.9931389365351629,7.513332843780518
2007-08-20,1.1847566574839303,3.734999895095825,0.9455120198399768,4.364999771118164,0.9964268353239443,28.260000228881836,1.2323498964803312,7.483333110809326
2007-08-21,1.0216199778111237,3.874500036239624,0.8822757018623585,4.556070804595947,1.0137896807515858,28.06999969482422,1.1038432193650154,7.888332843780518
2007-08-22,1.0077794535581521,3.924999952316284,0.9828297083417644,4.732500076293945,0.987373499408597,28.219999313354492,1.0552894754248097,8.06833267211914
2007-08-23,0.9264625560739409,3.865000009536743,0.9653135793571089,4.681070804595947,1.019320776708191,28.299999237060547,1.0422576681287483,8.0
2007-08-24,0.9551707551707551,3.9625000953674316,0.9824526150016526,4.8321428298950195,1.0241965893767417,28.809999465942383,1.0625,8.041666984558105
2007-08-27,1.0202375077813675,3.932499885559082,0.9622264042803773,4.723214149475098,0.9818122400475341,28.489999771118164,1.1657681542195077,8.223333358764648
2007-08-28,0.9571537333634108,3.811000108718872,0.7773751070344274,4.529285907745361,1.0310785168590642,27.93000030517578,0.9149942158681654,7.7216668128967285
2007-08-29,0.9082369210310387,3.952500104904175,0.9556792665759518,4.788570880889893,0.9744605212140834,28.59000015258789,1.264792663476874,8.15999984741211
2007-08-30,1.0109026775693442,3.934000015258789,1.012355630843046,4.8660712242126465,1.0406022593656918,28.450000762939453,1.0,8.113332748413086
2007-08-31,0.9654539932162219,3.995500087738037,1.0010326531515827,4.945713996887207,0.9537675086342242,28.729999542236328,1.2704378954378954,8.526666641235352
2007-09-04,1.0532255007266065,4.135000228881836,1.0429483462809694,5.148571014404297,1.038867295791982,28.809999465942383,1.0539827778493318,8.789999961853027
2007-09-05,1.0018650921240275,4.1875,0.9494537612551252,4.884285926818848,0.9863249882784891,28.479999542236328,0.970382866714126,8.723333358764648
2007-09-06,0.9829276493853296,4.310500144958496,0.9332303210029145,4.821785926818848,0.9046461732504967,28.90999984741211,1.0357462611663155,8.761667251586914
2007-09-07,0.9220238095238096,4.22599983215332,0.9255212356297334,4.706070899963379,0.9329414036005144,28.440000534057617,0.8716683045951338,8.441666603088379
2007-09-10,1.0642809841434633,4.166999816894531,0.9323350243565374,4.882500171661377,0.954641690104742,28.479999542236328,1.0846269347281883,8.46500015258789
2007-09-11,1.0645424836601307,4.314000129699707,0.9700202937159459,4.838929176330566,1.0599523031816225,28.93000030517578,1.089950729663828,8.645000457763672
2007-09-12,1.0095238095238095,4.364999771118164,1.0223145660278565,4.887499809265137,1.008873503246784,28.93000030517578,1.005860515688102,8.305000305175781
2007-09-13,0.9522727272727273,4.36299991607666,1.0278177985306045,4.900000095367432,1.025638627114812,29.15999984741211,1.1025263157894738,8.307499885559082
2007-09-14,0.9347826086956522,4.388500213623047,0.9394852075325528,4.957499980926514,0.9796182153879832,29.040000915527344,1.0355555555555556,8.0625
2007-09-17,0.993421052631579,4.3454999923706055,0.9922500283345871,4.943213939666748,0.9170168582214958,28.729999542236328,1.0708992554821888,8.045000076293945
2007-09-18,0.9456735496558505,4.4375,1.0102592493113676,5.0328569412231445,0.9074545458188122,28.93000030517578,1.1547347563811345,8.75
2007-09-19,0.8333333333333334,4.449999809265137,1.0533410879623615,5.027500152587891,0.9856094682225288,28.670000076293945,0.9855429200780244,8.59000015258789
2007-09-20,1.1428571428571428,4.482500076293945,0.9590440414379761,5.01107120513916,0.9520305669170748,28.420000076293945,1.1029771208033765,8.539999961853027
2007-09-21,1.0380929230560283,4.565000057220459,1.064396467866058,5.148213863372803,0.9713961935625014,28.649999618530273,1.0598855967772947,8.6225004196167
2007-09-24,0.9983488525133162,4.629499912261963,1.0258040679417764,5.295713901519775,0.991109268728378,29.079999923706055,1.0417181383210092,8.842499732971191
2007-09-25,1.0148373050706965,4.673999786376953,0.9747391301542695,5.470714092254639,0.8316660138121212,29.559999465942383,1.0772065185182655,8.954999923706055
2007-09-26,0.9765178571428571,4.671500205993652,0.9136608731286514,5.456070899963379,0.9177963983494202,29.5,1.0766643904257334,9.167499542236328
2007-09-27,1.0486594484748621,4.669000148773193,0.9802737796387319,5.517857074737549,1.0066545582202913,29.489999771118164,1.0714210990357866,9.194999694824219
2007-09-28,0.9348698781838317,4.65749979019165,1.00136373640438,5.4810709953308105,0.9615149166682304,29.459999084472656,1.0304221251819505,9.0600004196167
2007-10-01,0.9768928086838535,4.670499801635742,1.1285974899199678,5.583570957183838,1.0012454250785385,29.770000457763672,1.0617798835505519,9.442500114440918
2007-10-02,0.9345238095238096,4.618000030517578,1.0491734114777096,5.658928871154785,0.9602684908762944,29.700000762939453,0.9222566084474124,9.352499961853027
2007-10-03,0.951219512195122,4.623000144958496,1.0052044563800049,5.639999866485596,0.9659517730710704,29.450000762939453,0.8049031813686839,8.954999923706055
2007-10-04,1.0185185185185184,4.61299991607666,1.0469983869616222,5.579999923706055,1.0097329761952405,29.709999084472656,0.8604456796235802,8.994999885559082
2007-10-05,1.0615666323490645,4.671500205993652,1.0610970406785678,5.76607084274292,0.984865380366469,29.84000015258789,1.1253101736972702,9.232500076293945
2007-10-08,1.0447143239604335,4.792500019073486,0.9174369033850271,5.996786117553711,0.9740752142891659,29.84000015258789,1.0729166666666667,9.382499694824219
2007-10-09,1.0352380952380953,4.765999794006348,0.9864705288557387,5.994999885559082,1.0366106140772886,30.100000381469727,1.0670427062795218,9.217499732971191
2007-10-10,1.0275444542685923,4.732999801635742,1.04551489740169,5.956786155700684,0.9529799110470286,30.229999542236328,1.1715309779825909,9.227499961853027
2007-10-11,0.8921777950310559,4.4670000076293945,1.0064676767944876,5.793929100036621,0.9924400879074808,29.90999984741211,1.0178450431303812,8.817500114440918
2007-10-12,0.9316860465116279,4.618500232696533,1.0614314095936845,5.973214149475098,0.9678776333722366,30.170000076293945,1.0583333333333333,9.032500267028809
2007-10-15,0.8993563100297327,4.526500225067139,0.9685244958922176,5.963571071624756,1.0096144567659127,30.040000915527344,0.9738921957671958,9.09749984741211
2007-10-16,0.8818101982728175,4.476500034332275,1.0069459010111517,6.056428909301758,1.0826309007449024,30.31999969482422,1.1072544480755264,9.180000305175781
2007-10-17,0.961128364389234,4.527500152587891,1.1019028273169031,6.169642925262451,1.0539306504042416,31.079999923706055,1.2804880812941217,9.885000228881836
2007-10-18,1.0767195767195767,4.492499828338623,1.0403295091438174,6.1964287757873535,1.0069399014040055,31.15999984741211,1.051228702070438,9.8774995803833
2007-10-19,0.9856982361082167,4.48799991607666,0.9833156602333563,6.086429119110107,1.0431119782438074,30.170000076293945,1.0256410256410255,9.34749984741211
2007-10-22,0.8020175722660126,4.564499855041504,0.9914833236137139,6.227142810821533,0.8644790977237129,30.510000228881836,1.0667741937061501,9.789999961853027
2007-10-23,0.961450643997714,5.040999889373779,1.0321862367127923,6.648571014404297,0.9930821031252688,30.899999618530273,1.0477914777241557,9.837499618530273
2007-10-24,0.9143766561273694,4.436500072479248,0.9709840187789487,6.64035701751709,1.0647030669349673,31.25,0.5454374057315234,9.505000114440918
2007-10-25,0.9582989152535599,4.4105000495910645,0.9734647384668411,6.527856826782227,1.0042257821538796,31.989999771118164,0.9353729092438672,8.675000190734863
2007-10-26,0.9571428571428572,4.5,1.1046884315316243,6.596428871154785,1.0617173432319387,35.029998779296875,1.1,8.600000381469727
2007-10-29,1.083094904628518,4.505000114440918,1.15556807105737,6.61035680770874,1.0293442153320767,34.56999969482422,1.1451541606770763,8.397500038146973
2007-10-30,1.0757575757575757,4.4120001792907715,0.9853007690193623,6.6785712242126465,1.0102187339355357,35.56999969482422,1.0035543486197112,8.704999923706055
2007-11-01,1.0094252873563219,4.382500171661377,1.0411189302649229,6.694285869598389,0.9366288181431556,37.060001373291016,0.9804108813513203,8.845000267028809
2007-11-02,0.9026839826839828,4.298999786376953,1.0098698250106701,6.7096428871154785,1.0029969963608556,37.060001373291016,1.037037037037037,9.1850004196167
2007-11-05,1.021400052801019,4.218500137329102,1.0344688717237736,6.649285793304443,1.058296235961963,36.72999954223633,1.0613735575560173,9.1850004196167
2007-11-06,1.0141543659446473,4.363500118255615,1.1229503136017522,6.849643230438232,0.9722647795851399,36.40999984741211,1.0732295706381012,9.475000381469727
2007-11-07,1.118022675236367,4.3520002365112305,0.8645633868931049,6.653571128845215,0.8701130620170423,35.52000045776367,0.713030303030303,9.024999618530273
2007-11-08,0.993557152505817,4.178999900817871,0.8199772776761352,6.266786098480225,0.983958239723154,34.7400016784668,1.021866610758732,8.460000038146973
2007-11-09,0.9799233716475095,3.944499969482422,0.948220380181549,5.906071186065674,0.9844553478052896,33.72999954223633,1.0285062229798965,8.34000015258789
2007-11-12,1.128263874494794,3.8499999046325684,0.8085514655772551,5.491428852081299,0.9338427989386917,33.380001068115234,0.9833705748694542,7.507500171661377
2007-11-13,1.060751347708895,3.993000030517578,1.088357345745037,6.070000171661377,0.9960301153152082,34.459999084472656,1.148806071017805,8.170000076293945
2007-11-14,1.0,3.92549991607666,1.0447644021513212,5.932499885559082,1.0901068846746027,33.93000030517578,1.0694751053205158,8.042499542236328
2007-11-15,1.0361511019405756,3.8924999237060547,0.8311976051616647,5.867856979370117,0.995615538293636,33.7599983215332,1.050575894693542,7.934999942779541
2007-11-16,0.9849989917322042,3.930000066757202,0.7845153212800272,5.942500114440918,0.935062872649144,34.09000015258789,0.9574000878348704,8.112500190734863
2007-11-19,0.9521719831582004,3.9590001106262207,0.961873543123543,5.8553571701049805,1.005900984157026,33.959999084472656,1.0070622188269247,7.565000057220459
2007-11-20,0.9494254519989814,4.019499778747559,0.9882409484329485,6.0303568840026855,1.032921066748687,34.58000183105469,0.9674976874007033,7.507500171661377
2007-11-21,0.9584941615773462,3.98799991607666,0.8255527671971522,6.0164289474487305,0.9192753750661528,34.22999954223633,0.9281221241812373,7.427499771118164
2007-11-23,0.9108789319759785,4.071499824523926,0.9177946044728053,6.126429080963135,0.9904042834086707,34.11000061035156,1.1809523809523808,7.554999828338623
2007-11-26,0.9557828641831623,4.065000057220459,0.8193250150976766,6.162143230438232,0.9829616760042199,32.970001220703125,1.1468220001675884,7.380000114440918
2007-11-27,1.055075187969925,4.2795000076293945,0.8746095476530974,6.243214130401611,1.0217529024092762,33.060001373291016,1.0975764224036608,7.697500228881836
2007-11-28,1.0119344237302197,4.514999866485596,0.9816605688151645,6.436429023742676,0.9447617505250444,33.70000076293945,1.3635024697524698,8.212499618530273
2007-11-29,1.012558917425917,4.457499980926514,0.955690299557725,6.581786155700684,0.9383646984028988,33.59000015258789,1.011111111111111,8.279999732971191
2007-11-30,0.9773651400597381,4.5279998779296875,0.9461964248356931,6.507856845855713,0.9513996759829828,33.599998474121094,0.970344463629334,7.885000228881836
2007-12-03,0.9711538461538461,4.545499801635742,0.9931125853892526,6.387856960296631,0.957195471090158,32.91999816894531,1.0747224037781313,8.0
2007-12-04,0.980055513179083,4.7204999923706055,1.055333964352889,6.421785831451416,0.9613843031445712,32.77000045776367,1.0528638200998448,7.992499828338623
2007-12-05,1.0283333333333333,4.6595001220703125,1.0450778993875516,6.625,1.0058082256467196,34.150001525878906,1.040349456957941,8.407500267028809
2007-12-06,1.0280720341793408,4.7104997634887695,1.0732642368811984,6.783928871154785,1.0370730762063665,34.54999923706055,1.0250400648826437,8.577500343322754
2007-12-07,1.0386108370095193,4.7154998779296875,0.9980673549094641,6.939286231994629,0.964607751997023,34.529998779296875,1.0740331491712707,8.470000267028809
2007-12-10,0.9855916309043883,4.651000022888184,1.0771026627908828,6.936070919036865,1.0159925747208802,34.7599983215332,1.1105206197311461,8.5625
2007-12-11,0.9766666666666666,4.537499904632568,1.0928483506708837,6.7335710525512695,1.0012259961317627,34.099998474121094,1.0463362068965516,8.572500228881836
2007-12-12,1.0096572562325987,4.564000129699707,1.0228583649188798,6.816429138183594,0.9793164910206675,34.470001220703125,0.9713992269432253,8.867500305175781
2007-12-13,0.9925350637522768,4.619999885559082,0.9839265926677183,6.851070880889893,0.9603913260439251,35.220001220703125,0.9878723154669858,8.625
2007-12-14,1.080618176651425,4.453999996185303,0.972184554139263,6.799643039703369,0.9694854064267031,35.310001373291016,1.0997883597883598,8.767499923706055
2007-12-17,0.9763412309368191,4.254499912261963,0.9001986257238433,6.585713863372803,0.9655748088822317,34.38999938964844,1.1329806416493722,8.319999694824219
2007-12-18,0.9529346622369879,4.3445000648498535,1.0054453262786598,6.534999847412109,0.9383682971069335,34.7400016784668,1.103735632183908,8.532500267028809
2007-12-19,0.9833333333333334,4.468999862670898,1.0649885926393339,6.539999961853027,0.9999075690938414,34.790000915527344,1.1006225553950304,8.612500190734863
2007-12-20,0.9958037254052433,4.5289998054504395,0.9615970548756742,6.686070919036865,1.0570460777988453,35.52000045776367,0.987012987012987,8.792499542236328
2007-12-21,1.0158730158730158,4.563000202178955,1.0529737389686609,6.925356864929199,0.9792832898200066,36.060001373291016,1.002206943383414,8.789999961853027
2007-12-24,1.1296296296296298,4.55049991607666,1.0258203777210648,7.099999904632568,0.9784127113428189,36.58000183105469,0.993048128342246,8.944999694824219
2007-12-26,0.8744007765203597,4.642499923706055,0.91141453514971,7.1053571701049805,0.9511437246950649,36.61000061035156,1.0359452963958289,9.0649995803833
2007-12-27,0.8147115789730137,4.712500095367432,0.8781453776180741,7.091785907745361,0.8950265028732943,35.970001220703125,1.0706513409961687,8.78499984741211
2007-12-28,0.9929438692847989,4.722499847412109,0.9439389320249234,7.136785984039307,0.9560474482392142,36.119998931884766,0.9959239130434783,8.697500228881836
2007-12-31,0.9801021527277285,4.631999969482422,0.9979334157905585,7.074285984039307,0.9505353439482584,35.599998474121094,0.9166666666666667,8.505000114440918
2008-01-02,0.9179010396761426,4.8125,0.9601898818346841,6.958570957183838,0.9514003433394368,35.220001220703125,1.045679012345679,8.2524995803833
2008-01-03,1.0204862341959116,4.760499954223633,1.0243117156848056,6.961785793304443,0.9872214467841908,35.369998931884766,1.2239766081871346,8.1875
2008-01-04,0.7580230193202128,4.439499855041504,0.8338070765115972,6.430356979370117,0.9420258131579956,34.380001068115234,0.8369240307859234,7.5
2008-01-07,0.723998006871618,4.440999984741211,0.9645133225030459,6.34428596496582,1.0428881105214847,34.61000061035156,0.990364436450367,6.724999904632568
2008-01-08,0.8718419312169312,4.394000053405762,1.005159241762719,6.1160712242126465,0.9306834233859719,33.45000076293945,1.016106300866113,6.867499828338623
2008-01-09,0.7034768716259135,4.261000156402588,0.9415612183127878,6.4071431159973145,0.9558567997333651,34.439998626708984,1.052091583457371,7.222499847412109
2008-01-10,0.9580357142857142,4.2129998207092285,0.7748019588133968,6.3578572273254395,0.9661966807041178,34.33000183105469,1.1001169209016504,7.072500228881836
2008-01-11,0.9709243907216003,4.053999900817871,0.7929145498899496,6.167500019073486,0.9133853630013119,33.90999984741211,1.0494171928120446,6.762499809265137
2008-01-14,0.9511141382928197,4.143499851226807,0.9176882268731966,6.385000228881836,1.0779262505042315,34.38999938964844,0.8324918278999912,7.212500095367432
2008-01-15,0.9504726667116364,4.01200008392334,0.8335313256496718,6.037143230438232,0.982745537298587,34.0,0.6475150761222704,6.682499885559082
2008-01-17,1.0054262457995942,4.00600004196167,0.8667284372722229,5.746070861816406,0.8158246640163043,33.11000061035156,0.8719666673087141,5.824999809265137
2008-01-18,1.0244116037219486,3.98799991607666,0.875119753225206,5.762856960296631,0.9599394995178488,33.0099983215332,1.1559932936938282,6.210000038146973
2008-01-22,0.953740208204494,3.9240000247955322,0.844937519963967,5.558570861816406,0.9756462721150129,31.959999084472656,1.1323665713521536,5.900000095367432
2008-01-23,0.7913857913198628,3.698499917984009,0.819637749197931,4.966785907745361,1.009987308486544,31.93000030517578,1.0900799229079936,6.007500171661377
2008-01-24,1.107228524897398,3.883500099182129,0.9346310613300539,4.8428568840026855,1.0001998735179762,33.25,0.9268018018018018,6.46750020980835
2008-01-25,0.8727272727272727,3.880000114440918,0.9355050663291631,4.643214225769043,1.0037161727642638,32.939998626708984,0.9428846153846153,6.237500190734863
2008-01-28,0.9193101067141359,3.7909998893737793,0.9097783200389367,4.643214225769043,0.8977673434057096,32.720001220703125,1.2238484038295554,6.162499904632568
2008-01-29,1.090571673194444,3.697499990463257,0.9264987648175801,4.697856903076172,0.9991556044330969,32.599998474121094,1.0913468885628705,6.352499961853027
2008-01-30,0.9181588863863541,3.7105000019073486,0.9974864246972456,4.720714092254639,0.7953628848580282,32.20000076293945,1.0650716760739156,6.297500133514404
2008-01-31,0.9183662115308349,3.884999990463257,0.9412325789660255,4.834286212921143,0.8690053616112606,32.599998474121094,1.0222025044782796,6.147500038146973
2008-02-01,0.9596114114724537,3.7314999103546143,0.8461647268675044,4.776785850524902,0.9651064288298657,30.450000762939453,1.2275432331380767,6.715000152587891
2008-02-04,0.8352289377289377,3.697499990463257,0.8933805160679962,4.701786041259766,0.9001616919726403,30.190000534057617,0.9974081839338508,6.505000114440918
2008-02-05,0.989795918367347,3.6045000553131104,0.9672249269528869,4.619999885559082,0.8775240817665414,29.06999969482422,1.0161807381087382,6.097499847412109
2008-02-06,1.0736199095022623,3.424499988555908,0.8265644046506069,4.357142925262451,0.9855532752271883,28.520000457763672,1.0532322868388442,6.077499866485596
2008-02-07,0.9925925925925926,3.5455000400543213,0.8790044616444865,4.329999923706055,0.8890068251214565,28.1200008392334,1.0116422061584087,6.137499809265137
2008-02-08,0.9684087041398994,3.674999952316284,0.8648047248127705,4.481429100036621,0.9575229792746381,28.559999465942383,0.9873737373737375,6.247499942779541
2008-02-11,0.9206446467847522,3.759500026702881,0.9642386962811991,4.623213768005371,0.9125462133426839,28.209999084472656,1.0506957090162021,6.267499923706055
2008-02-12,1.1340299519581079,3.7225000858306885,0.975251403212833,4.459286212921143,0.9418821871257853,28.34000015258789,1.2149341846413633,6.5
2008-02-13,1.067901234567901,3.8864998817443848,0.9704938097619019,4.621428966522217,0.9742234778731391,28.959999084472656,1.0825430422652498,6.755000114440918
2008-02-14,1.1253156087461496,3.7899999618530273,1.015945638018398,4.552143096923828,1.019067930464207,28.5,0.8774552039192293,5.652500152587891
2008-02-15,0.9430389153100421,3.6480000019073486,0.8415954686411838,4.451070785522461,0.8628317374522309,28.420000076293945,0.675038142211576,5.567500114440918
2008-02-19,0.9725736617183985,3.6040000915527344,1.021791560668377,4.3635711669921875,0.955716523598147,28.170000076293945,1.1411741888588576,5.485000133514404
2008-02-20,1.0009469696969697,3.681999921798706,0.9682985567087731,4.42214298248291,0.9527940115880751,28.219999313354492,1.118202557246675,5.445000171661377
2008-02-21,0.9385013639467604,3.494999885559082,0.8584917625221004,4.340713977813721,0.9688623452704433,28.100000381469727,1.0362763285831955,5.322500228881836
2008-02-22,0.9654600718430506,3.6040000915527344,0.7258294048163639,4.2664289474487305,0.8693158004913243,27.68000030517578,1.0073570222007722,5.579999923706055
2008-02-25,0.9420365211077026,3.6635000705718994,0.947758322528609,4.276429176330566,1.0122517218834035,27.84000015258789,1.0827361158888507,5.577499866485596
2008-02-26,1.049191697955778,3.5845000743865967,1.0060879535274514,4.255356788635254,0.9632780582159319,28.3799991607666,1.0573043614164606,5.625
2008-02-27,0.9744521337946944,3.5434999465942383,0.9295350683670802,4.3914289474487305,0.9076918835299186,28.260000228881836,1.0166202844774275,5.712500095367432
2008-02-28,0.9178681149879306,3.3924999237060547,0.8932802710388094,4.63964319229126,0.9165217272662926,27.93000030517578,1.080502054695603,5.497499942779541
2008-02-29,0.7666098928394011,3.2235000133514404,0.8518357409442793,4.465000152587891,0.9304419617956438,27.200000762939453,0.9937233937233938,5.347499847412109
2008-03-03,0.865430402930403,3.121500015258789,0.7970247549630443,4.347499847412109,0.9707143279344383,26.989999771118164,1.0353479853479852,5.284999847412109
2008-03-04,0.9280415601938041,3.2669999599456787,0.743180802735584,4.450714111328125,0.8927461900291158,27.59000015258789,1.0324598064882804,5.232500076293945
2008-03-05,1.0082324387248673,3.249500036239624,0.9996430381918401,4.446071147918701,0.9896546256381169,28.1200008392334,1.0904028693922312,5.292500019073486
2008-03-06,0.9428237221715482,3.13700008392334,0.86898044779557,4.318929195404053,0.981587960429476,27.56999969482422,1.0294121078168657,4.960000038146973
2008-03-07,1.0324776974333278,3.2044999599456787,0.8275268483276932,4.3660712242126465,0.9234039907474247,27.8700008392334,1.0668413696715584,4.887499809265137
2008-03-10,1.029617900800167,3.1735000610351562,1.0652645932425355,4.2746429443359375,0.8713083463142484,28.049999237060547,1.132745450856906,4.607500076293945
2008-03-11,0.9260518992452615,3.3575000762939453,1.0003519910716963,4.548213958740234,0.9776968926072845,29.280000686645508,1.0358829497708175,4.760000228881836
2008-03-12,1.011764705882353,3.325500011444092,1.0296101531078343,4.501070976257324,0.9888560749579848,28.6299991607666,0.9287854532843907,4.630000114440918
2008-03-13,0.9575971320157367,3.4159998893737793,0.9511621746049077,4.569285869598389,0.9815407000716532,28.6200008392334,0.973382430089183,4.925000190734863
2008-03-14,0.9394743187846637,3.4110000133514404,1.0549906249224037,4.521786212921143,0.9711159163452115,27.959999084472656,0.7587095444238302,4.579999923706055
2008-03-17,0.9433859427609427,3.3264999389648438,1.0160267226526851,4.526071071624756,1.0004792511896796,28.299999237060547,1.0667213369730533,4.465000152587891
2008-03-18,1.0206616176271919,3.5850000381469727,1.0404124830321395,4.743570804595947,1.0469510601051653,29.420000076293945,1.0293412163954332,4.742499828338623
2008-03-19,0.961111831302394,3.508500099182129,0.9238055778298815,4.631071090698242,0.9683965696986657,28.6200008392334,1.034667758441944,4.414999961853027
2008-03-20,0.8620879088553557,3.6594998836517334,1.0789343149540518,4.759643077850342,1.0484796753381733,29.18000030517578,1.03446358819662,4.630000114440918
2008-03-24,1.0112578779245447,3.797499895095825,1.080854022762824,4.983213901519775,1.0052352751595175,29.170000076293945,1.069519531540584,5.007500171661377
2008-03-25,0.9539467734541789,3.758500099182129,0.995920152299579,5.034999847412109,1.0111959539725808,29.139999389648438,1.2054110258997477,5.079999923706055
2008-03-26,0.9814153439153439,3.690000057220459,0.9084329994860336,5.180714130401611,0.9554401407086325,28.559999465942383,1.0634344458786649,4.917500019073486
2008-03-27,1.039905248700805,3.5399999618530273,1.0232695377001375,5.0089287757873535,0.9642575414746535,28.049999237060547,1.0212801209227105,4.847499847412109
2008-03-28,0.9979243422253543,3.48799991607666,0.9655517366325955,5.107500076293945,0.9802627341150114,27.90999984741211,1.0520973231998905,4.920000076293945
2008-03-31,0.9401465201465202,3.565000057220459,0.880296168059504,5.125,1.0149127361875798,28.3799991607666,1.0422745526088706,4.947500228881836
2008-04-01,1.093047619047619,3.8350000381469727,0.9810752957634571,5.340356826782227,1.0029016258825834,29.5,1.0355121951219513,5.25
2008-04-02,1.0127763032395394,3.868499994277954,0.9264152342255583,5.267499923706055,1.0061670719264177,29.15999984741211,1.024346201735322,5.090000152587891
2008-04-03,0.886431100217865,3.746999979019165,1.0868033954450906,5.414642810821533,1.0251818887632231,29.0,1.1149749373433584,4.994999885559082
2008-04-04,0.9999368825918318,3.8434998989105225,0.9732819435271332,5.4671430587768555,0.9797899764546734,29.15999984741211,0.8568858935535684,4.695000171661377
2008-04-07,1.0875706664820615,3.8450000286102295,1.0989581346208912,5.567500114440918,0.9830477840617078,29.15999984741211,1.0917870170898452,4.807499885559082
2008-04-08,0.9598241966663018,3.865000009536743,0.9249548731784235,5.458570957183838,0.9252094333348306,28.75,0.928945386566569,4.78000020980835
2008-04-09,0.9056697954773022,3.7195000648498535,0.97714736244148,5.408570766448975,0.9505581589386005,28.889999389648438,1.0008349228066022,4.875
2008-04-10,0.9,3.741499900817871,1.0195370039102896,5.5196428298950195,0.9810710760617646,29.110000610351562,0.9416839761021413,4.96999979019165
2008-04-11,1.0347621945917747,3.5994999408721924,0.805154140721812,5.255000114440918,0.8507919672929984,28.280000686645508,0.7553445708195001,4.632500171661377
2008-04-14,0.8795454545454546,3.630500078201294,0.8570323404379132,5.277856826782227,0.9929547239918619,28.059999465942383,1.020774992472147,4.477499961853027
2008-04-15,0.9475767936986946,3.625,0.9428204106944218,5.299285888671875,1.0157905697005283,28.25,1.0289210328960439,4.53000020980835
2008-04-16,1.0714285714285714,3.7295000553131104,1.047927948537962,5.489285945892334,1.0700954843478465,28.950000762939453,1.0561452463923178,4.710000038146973
2008-04-17,0.9516603534460677,3.7019999027252197,0.994675925925926,5.517499923706055,1.009226570449226,29.219999313354492,1.0722429285734505,4.644999980926514
2008-04-18,1.0336497841815617,4.005000114440918,1.10557922073581,5.751429080963135,1.0357462988425565,30.0,0.8630952380952381,4.755000114440918
2008-04-21,0.9306919639176108,4.008999824523926,0.926991539702784,6.005713939666748,0.9542380523964922,30.420000076293945,1.229040678159308,4.96750020980835
2008-04-22,0.9983433233433233,3.9800000190734863,0.8775339978433059,5.721428871154785,1.0034159578563406,30.25,1.1383711542491568,4.875
2008-04-23,0.9908071765216788,4.050000190734863,0.9545448320895739,5.817500114440918,0.9487541410912956,31.450000762939453,1.017552034793414,5.110000133514404
2008-04-24,0.9498018444169023,3.884500026702881,0.9634658819826818,6.033570766448975,0.9898714705309618,31.799999237060547,0.9968253968253968,4.987500190734863
2008-04-25,1.0227272727272727,4.043000221252441,0.9511573326762514,6.06178617477417,0.9167522801738706,29.829999923706055,1.0,5.037499904632568
2008-04-28,0.96384996582365,4.098499774932861,1.0773388769855454,6.151429176330566,1.0046582266611084,28.989999771118164,1.106160832116016,4.947500228881836
2008-04-29,0.9628571428571429,4.0370001792907715,1.0726899231040559,6.251786231994629,1.0389360792476556,28.639999389648438,1.0595368701647914,5.050000190734863
2008-04-30,0.9830190277558698,3.93149995803833,1.0447605942961982,6.212500095367432,1.0233886456396952,28.520000457763672,0.9910796063789603,5.137499809265137
2008-05-01,1.1487169774669774,3.9679999351501465,1.0848620871596288,6.4285712242126465,0.9815361062706874,29.399999618530273,1.0825337152404821,5.375
2008-05-02,0.8763197586726998,3.865499973297119,1.0364944295968348,6.4621429443359375,1.00933512243073,29.239999771118164,1.053144558189532,5.630000114440918
2008-05-05,1.0098544973544974,3.7960000038146973,0.9311011292453292,6.597499847412109,0.9148080739961237,29.079999923706055,1.05813387544442,5.489999771118164
2008-05-06,1.050603717270384,3.7855000495910645,1.0135326087987444,6.666429042816162,0.9212599096580492,29.700000762939453,1.0645174149117398,5.632500171661377
2008-05-07,1.004907612712491,3.6589999198913574,1.033767950838889,6.521070957183838,0.9767067100401903,29.209999084472656,0.9981865572315883,5.502500057220459
2008-05-08,0.9826118326118326,3.6394999027252197,1.045572137891415,6.609285831451416,0.9681563003794385,29.270000457763672,0.9705051356217268,5.487500190734863
2008-05-09,0.9340852130325815,3.620500087738037,0.8170685273727516,6.551785945892334,1.0035372996726681,29.389999389648438,1.0139022495941705,5.632500171661377
2008-05-12,0.9859387110484659,3.7265000343322754,1.0502481721891848,6.71999979019165,1.082138491511706,29.989999771118164,1.0571509077003582,5.472499847412109
2008-05-13,0.981276937881309,3.7279999256134033,1.030555794878151,6.784286022186279,1.039210963003877,29.780000686645508,1.0590755735492579,5.360000133514404
2008-05-14,0.9265298733129615,3.7100000381469727,1.0418987531116057,6.6521430015563965,0.9869814799064046,29.93000030517578,1.0389222784828545,5.517499923706055
2008-05-15,1.0223092125266038,3.805999994277954,1.0279717265662438,6.776071071624756,1.0262931573653602,30.450000762939453,1.0584795321637428,5.945000171661377
2008-05-16,0.9839533638198822,3.822999954223633,1.0009373876380439,6.700714111328125,0.9953058270465004,29.989999771118164,1.1450892857142856,6.102499961853027
2008-05-19,1.0247126218265357,4.114500045776367,0.9788931850042961,6.557143211364746,1.0127027880480357,29.459999084472656,1.0334336422014376,5.974999904632568
2008-05-20,1.1374181374181374,4.035999774932861,1.0010619101476672,6.639286041259766,0.9145533956146134,28.760000228881836,1.0313200430300802,5.820000171661377
2008-05-21,0.9974097791609312,3.9149999618530273,1.0429438603138517,6.36392879486084,1.067202173381698,28.25,1.0520282186948853,5.772500038146973
2008-05-22,0.9032712624220195,3.9630000591278076,0.9378186170511285,6.323214054107666,1.0527112903475468,28.469999313354492,1.0747450404714636,5.912499904632568
2008-05-23,1.074074074074074,3.9175000190734863,0.9694466263360554,6.4703569412231445,0.9072529600194631,28.049999237060547,0.9697078115682766,5.777500152587891
2008-05-27,0.8937755457719518,4.031000137329102,0.9383447109230567,6.658214092254639,0.9600220337614361,28.440000534057617,1.1065335759248802,5.840000152587891
2008-05-28,0.9536019536019537,4.004000186920166,0.9355241449574209,6.678928852081299,0.98857153619727,28.18000030517578,1.0465471644098887,5.894999980926514
2008-05-29,0.9683209979011171,4.017499923706055,0.9581836121836121,6.667500019073486,1.0878214247270508,28.309999465942383,1.0403798612979405,5.880000114440918
2008-05-30,0.9572804043247393,4.080999851226807,0.9922530506455455,6.7410712242126465,0.9832810740217296,28.31999969482422,1.0243506493506493,6.175000190734863
2008-06-02,0.8995341890078733,4.011499881744385,0.9474219471493106,6.646429061889648,0.9594393058530893,27.799999237060547,1.0273562138203347,6.199999809265137
2008-06-03,1.1448024995438788,4.005499839782715,1.0005696953704415,6.620357036590576,0.9745437864525075,27.309999465942383,1.0291067515458001,5.989999771118164
2008-06-04,1.0199678966520735,4.074999809265137,0.9917870297009703,6.61392879486084,1.0130571790965748,27.540000915527344,1.1436883043072301,6.059999942779541
2008-06-05,0.9899931881133928,4.225500106811523,1.054793867054885,6.76535701751709,0.9969455916375864,28.299999237060547,1.0857777777777777,6.212500095367432
2008-06-06,0.8717199342199342,4.031499862670898,0.9306694843355782,6.630000114440918,0.9904112270804238,27.489999771118164,1.0320624794309006,6.014999866485596
2008-06-09,0.9522560944921193,3.9714999198913574,0.9298776639962494,6.4860711097717285,0.9961609363329083,27.709999084472656,1.0835220493973354,5.922500133514404
2008-06-10,0.78125,3.9809999465942383,0.9321402764035476,6.630000114440918,0.9797087758968342,27.889999389648438,0.8863474196149116,5.572500228881836
2008-06-11,0.9885912698412698,3.864000082015991,0.9494521921779446,6.457499980926514,1.0268802071863012,27.1200008392334,1.0974358974358975,5.3125
2008-06-12,1.0110462694189108,3.807499885559082,0.959514158414371,6.187857151031494,0.9930791335891304,28.239999771118164,1.1519500265189921,5.34499979019165
2008-06-13,0.9990260385609222,3.9584999084472656,0.7359970226065697,6.156071186065674,0.9516408073513476,29.06999969482422,0.9897543845193075,5.327499866485596
2008-06-16,1.0391194766194767,4.085000038146973,0.8742481462299788,6.315713882446289,0.9351661780611986,28.93000030517578,1.0495872980631678,5.255000114440918
2008-06-17,0.9551240049398274,4.148499965667725,0.9314934188980303,6.479642868041992,0.9850053812351813,28.799999237060547,1.1734637478640655,5.127500057220459
2008-06-18,0.975,4.125999927520752,0.8979026226373809,6.3839287757873535,0.9761437268025243,28.459999084472656,1.0434083663495428,4.977499961853027
2008-06-19,1.0109893476621417,4.2129998207092285,0.9879585608208581,6.460713863372803,0.9237821361675237,28.93000030517578,1.0545833333333334,4.965000152587891
2008-06-20,1.0131868131868131,4.054999828338623,0.6913064925777753,6.259643077850342,0.8245089952927491,28.229999542236328,1.1186117123617123,4.940000057220459
2008-06-23,1.0239527316903263,4.033999919891357,0.8629280868281604,6.184286117553711,0.8297691786698419,27.969999313354492,1.0147722432939152,4.837500095367432
2008-06-24,1.075119596225587,3.9820001125335693,0.9851255565428418,6.1875,0.9588298691061818,27.729999542236328,1.0301713004288162,4.997499942779541
2008-06-25,1.1383395673851544,4.0254998207092285,0.9870402518120912,6.335357189178467,1.0605037803938318,28.350000381469727,1.0256225051680303,5.025000095367432
2008-06-26,1.0691770186335403,3.815000057220459,0.9100507846342809,6.009285926818848,0.9911590438776947,27.75,1.215666335978836,4.767499923706055
2008-06-27,0.9819078703213977,3.7330000400543213,0.8173869040989566,6.074643135070801,0.9165943311384631,27.6299991607666,1.0,4.820000171661377
2008-06-30,0.8298453996983408,3.6665000915527344,0.9499724973995973,5.980000019073486,0.9435978187280697,27.510000228881836,1.0022270874021049,4.679999828338623
2008-07-01,0.9494252873563218,3.680999994277954,0.9065430915441597,6.2385711669921875,0.8999096970835572,26.8700008392334,1.0280402223959393,4.6875
2008-07-02,0.9778398926654741,3.572000026702881,0.9249291420039982,6.006429195404053,0.9366853668307739,25.8799991607666,0.7370221107650711,4.507500171661377
2008-07-03,0.971729957805907,3.5999999046325684,0.9441584775284291,6.075714111328125,0.7879313926769885,25.979999542236328,0.7007929325148725,3.122499942779541
2008-07-07,0.9919507575757575,3.624500036239624,0.9123173486085734,6.255713939666748,0.9932976058490873,26.030000686645508,0.925207340429168,3.0250000953674316
2008-07-08,0.9670219088392688,3.752000093460083,0.8779839877933906,6.412499904632568,0.8530180479801113,25.850000381469727,1.0625101077745942,3.007499933242798
2008-07-09,1.006366047745358,3.5304999351501465,1.0137522881765764,6.223214149475098,0.9104546049518726,25.229999542236328,1.0304132588132362,2.9549999237060547
2008-07-10,1.0081632653061223,3.5315001010894775,0.884307094982198,6.30821418762207,0.9418762515055754,25.450000762939453,0.9474868390807087,2.947499990463257
2008-07-11,1.0,3.427000045776367,0.7768012485414001,6.163570880889893,0.986652383034369,25.25,0.8128526617195382,2.9175000190734863
2008-07-14,0.7549019607843137,3.313999891281128,0.964378914529474,6.210000038146973,0.9814046362732134,25.149999618530273,1.0596736596736598,2.7850000858306885
2008-07-15,0.985230462993876,3.3515000343322754,0.9508785969132021,6.058570861816406,0.9147871693372132,26.149999618530273,1.0222696149029464,2.815000057220459
2008-07-16,0.9251200391551269,3.5920000076293945,0.9118165756940428,6.171785831451416,0.9673191492345696,27.260000228881836,0.9919422588196534,2.8299999237060547
2008-07-17,0.9631578947368422,3.6054999828338623,0.9156426008344335,6.13607120513916,0.9597297799378605,27.520000457763672,1.0728809610362056,2.8399999141693115
2008-07-18,0.9367365710833928,3.4560000896453857,0.8869368652170252,5.898213863372803,0.8393749659468535,25.860000610351562,1.0242707183883655,2.890000104904175
2008-07-21,0.8848233597692863,3.4240000247955322,0.8887555924851355,5.938929080963135,0.9326481590622581,25.639999389648438,1.1711780131971812,2.9075000286102295
2008-07-22,1.0547065064361754,3.3984999656677246,0.8783490588664276,5.786428928375244,0.8980642199411851,25.799999237060547,1.1051587301587302,2.8450000286102295
2008-07-23,0.9734984254764425,3.5269999504089355,0.9884491144336114,5.937857151031494,1.0501386467845177,26.43000030517578,1.125349462849463,2.930000066757202
2008-07-24,0.9159472347593756,3.936000108718872,0.9438826583761654,5.679643154144287,0.9228843632275545,25.440000534057617,1.0107536738475589,2.757499933242798
2008-07-25,0.860794188506754,3.9154999256134033,0.9852839893306244,5.789999961853027,1.012657470861672,26.15999984741211,0.9365079365079365,2.890000104904175
2008-07-28,0.9656171679197995,3.7990000247955322,0.975717785864812,5.514286041259766,0.9661330812362893,25.5,1.0270455532567266,2.882499933242798
2008-07-29,1.0839646464646464,3.9105000495910645,0.9650372224376198,5.610000133514404,1.0041116363461295,26.110000610351562,1.0669104336891453,2.9124999046325684
2008-07-30,1.065909090909091,3.9105000495910645,1.0919723236866596,5.710000038146973,0.9457641586808253,26.229999542236328,1.089885818465431,2.869999885559082
2008-07-31,1.083916083916084,3.816999912261963,1.0364567248439012,5.676785945892334,0.9312665805792792,25.719999313354492,0.9814284127407295,2.859999895095825
2008-08-01,1.0634656215749008,3.7874999046325684,0.8255285951129503,5.59499979019165,0.8755650013774473,25.440000534057617,0.914170692431562,2.7100000381469727
2008-08-04,1.04375,3.7855000495910645,1.0610472247481364,5.472499847412109,0.9582787550291013,25.280000686645508,1.0597884287006243,2.6449999809265137
2008-08-05,0.9614069264069264,3.9554998874664307,1.0340872905227827,5.737143039703369,0.981955430946867,26.209999084472656,1.0023893054433881,2.797499895095825
2008-08-06,0.9221425726802069,3.9045000076293945,1.0167846667712899,5.86392879486084,0.9445526204250208,27.020000457763672,1.1090663208454161,2.872499942779541
2008-08-07,1.0264996704021094,3.8475000858306885,1.0585605014952841,5.841785907745361,0.8776457045004931,27.389999389648438,1.1175284853101517,2.827500104904175
2008-08-08,1.032520325203252,4.0254998207092285,1.041684093269914,6.055356979370117,0.8498606200525636,28.1299991607666,1.0625,2.75
2008-08-11,1.0654323330922988,4.4045000076293945,1.0633617917809615,6.19857120513916,1.0361486223644976,27.899999618530273,1.039102766337786,2.807499885559082
2008-08-12,0.7959338836662078,4.362500190734863,0.9039436316769791,6.31178617477417,1.0024865225831132,28.1200008392334,0.9674569539572915,2.7674999237060547
2008-08-13,1.1276200135226504,4.334499835968018,0.8689421891346659,6.403571128845215,1.0113576817920775,27.90999984741211,0.8988604583863599,3.065000057220459
2008-08-14,1.0761904761904761,4.401500225067139,0.9561689893356561,6.404285907745361,0.9558489658489658,27.90999984741211,1.019457546034794,3.25
2008-08-15,1.097045177045177,4.320000171661377,0.9437786910669975,6.276429176330566,0.9877632964977854,27.809999465942383,1.10865261538019,3.240000009536743
2008-08-18,1.196078431372549,4.1554999351501465,1.0582051282051281,6.2639288902282715,1.0332455672083625,27.690000534057617,1.137353619010751,3.305000066757202
2008-08-19,0.8634980307912639,4.064499855041504,0.8963084542788314,6.197500228881836,1.033822591392371,27.31999969482422,0.960617607610444,3.3550000190734863
2008-08-20,0.8395114129409545,4.106500148773193,1.0329039876365853,6.28000020980835,1.0250580217911562,27.290000915527344,1.0323412293914278,3.5199999809265137
2008-08-21,1.076062557946616,4.163000106811523,0.8817899492035322,6.224643230438232,0.9877739487764365,27.18000030517578,1.0127573724389993,3.4049999713897705
2008-08-22,0.9240591397849462,4.263000011444092,1.0275287593671136,6.313929080963135,1.0528190376857065,27.84000015258789,1.0049529780564264,3.4024999141693115
2008-08-25,0.8888852937898175,4.142499923706055,1.1063601158566834,6.162499904632568,1.013855093357639,27.65999984741211,1.0874484565731202,3.3524999618530273
2008-08-26,0.9876543209876543,4.0879998207092285,1.0631676054002945,6.2014288902282715,1.029101727699421,27.270000457763672,1.0270028514444487,3.2725000381469727
2008-08-27,0.9310344827586207,4.08650016784668,0.9215340387167013,6.238214015960693,1.00876394015524,27.559999465942383,1.0686664082828998,3.297499895095825
2008-08-28,0.8899245491350755,4.171000003814697,0.7668201323082424,6.204999923706055,1.007490868728459,27.940000534057617,1.1647569444444446,3.2850000858306885
2008-08-29,0.888879781420765,4.040500164031982,0.6622208073820978,6.054643154144287,0.9051258846788197,27.290000915527344,1.0,3.1600000858306885
2008-09-02,1.0063034188034188,4.070499897003174,0.9791758626715173,5.935357093811035,0.8588380138151557,27.100000381469727,1.169085793367599,3.0799999237060547
2008-09-03,0.9899846653783663,4.03849983215332,1.0119045727400198,5.962856769561768,0.9664970831709496,26.899999618530273,0.9728805141886537,2.9149999618530273
2008-09-04,0.8651827817776094,3.9014999866485596,0.8270983983490653,5.757856845855713,1.0306296092724134,26.350000381469727,1.061749015395632,2.875
2008-09-05,1.0266666666666666,3.9595000743865967,0.8538811963950654,5.720714092254639,0.806456642481716,25.649999618530273,1.002126528442318,2.9175000190734863
2008-09-08,1.0793498168498168,4.058000087738037,0.9771212880936594,5.639999866485596,1.014963402137738,26.1200008392334,0.8900022432181373,2.797499895095825
2008-09-09,0.9075940860215054,3.9519999027252197,0.9480756209918757,5.417142868041992,1.0064338978431688,26.100000381469727,1.03042890697716,2.702500104904175
2008-09-10,0.9768518518518519,3.8369998931884766,0.983142551892552,5.414642810821533,0.9660179535192607,26.440000534057617,1.0639821646367134,2.7049999237060547
2008-09-11,1.0208333333333333,3.9755001068115234,0.888133837831951,5.451786041259766,0.9100212541204068,27.34000015258789,0.8715139904795077,2.575000047683716
2008-09-12,1.1071428571428572,3.9149999618530273,0.794033516413966,5.319285869598389,0.9804261687949354,27.6200008392334,0.8537829715219422,2.547499895095825
2008-09-15,0.786417764253194,3.867000102996826,0.9210459440241211,5.012856960296631,1.0487828204088907,26.81999969482422,0.8323164682539682,2.325000047683716
2008-09-16,0.9704808785260766,3.936500072479248,0.8734078088578089,4.99571418762207,1.022471349440125,25.989999771118164,0.925281691624018,2.3975000381469727
2008-09-17,0.9385930821258913,3.5769999027252197,0.8502039999425848,4.565357208251953,0.9519841635442248,24.56999969482422,0.9625981734876842,2.5
2008-09-18,0.9186431232112294,3.825000047683716,0.9482120238276188,4.788928985595703,0.9841277880386043,25.260000228881836,0.929058731428444,2.7225000858306885
2008-09-19,1.0,4.050000190734863,0.9631464061365899,5.03249979019165,1.0288022918394668,25.15999984741211,0.9268587111635209,2.8524999618530273
2008-09-22,0.95061520415294,3.746500015258789,0.8875525299461338,4.680356979370117,0.9928839036880933,25.399999618530273,1.0144491399798785,2.7925000190734863
2008-09-23,0.9573895547196221,3.5880000591278076,1.0489576242009726,4.53000020980835,0.9253901907801266,25.440000534057617,1.065895486843927,2.7125000953674316
2008-09-24,0.9464912280701754,3.497999906539917,1.0283349388392513,4.596786022186279,0.8823176202693811,25.719999313354492,1.030391703389415,2.8125
2008-09-25,0.9292929292929292,3.6040000915527344,0.8386724313654644,4.711785793304443,0.9350525853110829,26.610000610351562,0.9839886429718085,2.867500066757202
2008-09-29,0.8864372469635627,3.1675000190734863,0.729060262880522,3.7592859268188477,0.8853854875511203,25.010000228881836,0.9842330958911202,2.5250000953674316
2008-09-30,0.9429447906445965,3.638000011444092,0.9887911537326848,4.059286117553711,0.9303484402571047,26.690000534057617,1.035982940719783,2.677500009536743
2008-10-01,0.9960952380952381,3.4790000915527344,0.8590920983778128,3.8971428871154785,0.9585172694391857,26.479999542236328,1.0291174364482634,2.6024999618530273
2008-10-02,0.9351792836234581,3.368000030517578,0.7432263855414007,3.575000047683716,0.8576415537566371,26.25,1.0555566933821618,2.3324999809265137
2008-10-03,0.9399792315680165,3.3499999046325684,0.8157273674815692,3.4667859077453613,0.9302548043531548,26.31999969482422,0.9693755626391523,2.257499933242798
2008-10-06,1.042878542878543,3.2614998817443848,0.8390318687397712,3.505000114440918,0.8606406734544014,24.90999984741211,0.7539904508757923,1.962499976158142
2008-10-07,0.8828998265973056,2.9260001182556152,0.8654143174363762,3.184286117553711,0.9444365271645005,23.229999542236328,0.9698744096809576,1.809999942779541
2008-10-08,0.974080180852829,3.0510001182556152,0.8914211244967524,3.2067859172821045,0.9268537261469478,23.010000228881836,0.9298743411155589,1.847499966621399
2008-10-09,0.9374987938437785,2.799999952316284,0.7918269157514716,3.169286012649536,0.8712667028181443,22.299999237060547,1.0,1.7300000190734863
2008-10-10,0.8113459510109836,2.8125,0.9054872566310475,3.4571430683135986,0.9145910072601805,21.5,0.9514885524102115,1.7024999856948853
2008-10-13,0.9439143298259599,3.1010000705718994,0.9911583889208146,3.937856912612915,1.012613625227008,25.5,1.0374667237881423,2.012500047683716
2008-10-14,0.9058166536658534,2.7929999828338623,1.0145449605418926,3.7171430587768555,1.0508504415503004,24.100000381469727,1.0033202530887604,1.9674999713897705
2008-10-15,0.8159595968681536,2.436000108718872,0.8562119257099688,3.49821400642395,0.9169764686366523,22.65999984741211,0.993817252163854,1.7549999952316284
2008-10-16,0.7958603896103896,2.5144999027252197,0.9557712151266252,3.6389288902282715,0.8630942905418495,24.190000534057617,1.097168641532008,1.9249999523162842
2008-10-17,0.881074395450272,2.5325000286102295,0.9932740504771734,3.4785709381103516,0.9494305808414858,23.93000030517578,1.016652240623618,1.912500023841858
2008-10-20,0.9531113214168527,2.6484999656677246,0.935708141512811,3.515713930130005,0.9692815973880435,24.719999313354492,1.0703154623441165,1.9500000476837158
2008-10-21,0.9242028791104113,2.5114998817443848,0.8811449790271686,3.2674999237060547,0.9269925490953611,23.360000610351562,1.1222285507905483,1.7999999523162842
2008-10-22,0.8515118662306413,2.499500036239624,0.8608285951884507,3.4596428871154785,0.9631197592669762,21.530000686645508,1.117147306073462,1.7324999570846558
2008-10-23,0.8102042149149883,2.5160000324249268,0.8237531612603946,3.508213996887207,0.8794642685081333,22.31999969482422,1.0179588560260067,1.6349999904632568
2008-10-24,0.7868452068194339,2.447999954223633,0.8718868594650594,3.442142963409424,0.8168035965386257,21.959999084472656,1.1333333333333333,1.652500033378601
2008-10-27,0.8906567106756861,2.4790000915527344,0.9462175600291051,3.288928985595703,0.8030126557214775,21.18000030517578,0.9840234670211226,1.7424999475479126
2008-10-28,0.983742640423675,2.802000045776367,1.0490538601061277,3.568213939666748,0.9817284418647755,23.100000381469727,1.0893171280868057,2.005000114440918
2008-10-29,0.9140958809581586,2.8445000648498535,1.0311607609247868,3.733928918838501,0.9198762427674982,23.0,1.1957575757575758,2.069999933242798
2008-10-30,0.945942265795207,2.8355000019073486,1.019365701651479,3.9657139778137207,0.95698439779805,22.6299991607666,0.9589850068860564,2.1575000286102295
2008-10-31,0.9537516458489022,2.861999988555908,0.8955503505406294,3.8424999713897705,0.9320694452973577,22.329999923706055,0.9055588602957024,2.190000057220459
2008-11-03,0.8838383838383839,2.7885000705718994,0.9794645354645354,3.819999933242798,0.9794637848369238,22.6200008392334,1.1129280418911525,2.109999895095825
2008-11-04,1.0240104166666666,2.922499895095825,0.9089161752345828,3.9639289379119873,0.9470630870201776,23.530000686645508,0.981110919820864,2.244999885559082
2008-11-05,0.8902088682168172,2.5989999771118164,0.8140346081971602,3.68928599357605,0.8203959669584598,22.079999923706055,0.9713496263712448,2.127500057220459
2008-11-06,0.7105654374733187,2.3610000610351562,0.8583291283414004,3.539285898208618,0.8143436422010871,20.8799991607666,0.9645610051302398,1.9049999713897705
2008-11-07,0.971908457040036,2.4605000019073486,1.0225231132216164,3.508570909500122,0.8393955687907175,21.5,0.9752020736907642,2.180000066757202
2008-11-10,0.9157400891391039,2.4230000972747803,0.9453059724609746,3.424285888671875,0.896598838026356,21.299999237060547,0.9832924152449991,2.0399999618530273
2008-11-11,0.8629459308807135,2.315000057220459,0.9568043465002994,3.384643077850342,1.0232999078255516,21.200000762939453,1.054826119117192,1.9500000476837158
2008-11-12,0.8110248603071569,2.078000068664551,0.8830794393634683,3.2185709476470947,0.8895310819382594,20.299999237060547,1.002346039455455,1.8350000381469727
2008-11-13,0.926513197586727,2.246500015258789,0.8251030800005444,3.4442861080169678,0.9077959126619608,21.25,1.0913086140714732,1.9850000143051147
2008-11-14,0.9790231751007613,2.0875000953674316,0.8661436907727296,3.2228569984436035,0.9046007209647267,20.059999465942383,1.0091432637614903,1.7925000190734863
2008-11-17,0.9281921824692942,1.9845000505447388,0.8307165268895856,3.1478569507598877,1.0244341008665216,19.31999969482422,1.1148512795035554,1.7549999952316284
2008-11-18,0.956254165906013,1.9220000505447388,0.9593858745880277,3.211071014404297,0.8821131253955117,19.6200008392334,1.1482599438742873,1.6974999904632568
2008-11-19,0.9916248955722641,1.7920000553131104,0.879568468358458,3.0817859172821045,0.8368671485024525,18.290000915527344,1.0340185074236785,1.5575000047683716
2008-11-20,0.7518876526847105,1.7515000104904175,0.9585322205298457,2.874643087387085,0.9331332434595373,17.530000686645508,1.0606060606060606,1.475000023841858
2008-11-21,1.0057867302765262,1.8934999704360962,0.9862199860189229,2.9492859840393066,0.9238774778754723,19.68000030517578,1.077073732718894,1.5950000286102295
2008-11-24,1.0030322979631736,2.125,1.1722927689594358,3.319643020629883,0.9497745404884916,20.690000534057617,1.0744300385604733,1.7000000476837158
2008-11-25,0.8217463433270157,2.109499931335449,0.9609175239615209,3.242856979370117,0.9590660638906253,19.989999771118164,0.9569876371223047,1.747499942779541
2008-11-26,0.898953121405567,2.197999954223633,0.8861247767664656,3.392857074737549,0.9328180981698363,20.489999771118164,0.8383101851851852,1.902500033378601
2008-11-28,1.0,2.134999990463257,0.9206630660494625,3.309643030166626,0.8749321453024677,20.219999313354492,1.0296214836537416,1.8674999475479126
2008-12-01,0.9731344126484792,2.0234999656677246,1.1565225592924626,3.1760709285736084,0.9192440561998975,18.610000610351562,1.0774192577745743,1.7074999809265137
2008-12-02,1.0186082522823394,2.059499979019165,0.8857663587320245,3.302500009536743,1.016784096646984,19.149999618530273,1.0451523982296331,1.8025000095367432
2008-12-03,0.9966522658778528,2.260499954223633,0.8725746212865889,3.424999952316284,1.0194714169460841,19.8700008392334,1.082308253428453,1.8949999809265137
2008-12-04,0.9071966066849374,2.365999937057495,0.814306988631588,3.2646429538726807,0.9730074966850442,19.110000610351562,0.9632808933945904,1.7699999809265137
2008-12-05,0.8058650694088345,2.4130001068115234,0.9777961689726395,3.357142925262451,0.8826527158847838,19.8700008392334,1.012147448511085,1.840000033378601
2008-12-08,0.9307776211436859,2.570499897003174,0.986845470562377,3.561429023742676,1.013656298584813,21.010000228881836,0.9983644570475014,1.7799999713897705
2008-12-09,0.9984948843971401,2.5625,0.9197758544671393,3.573570966720581,0.9708231711332918,20.600000381469727,0.9936571171099441,1.9524999856948853
2008-12-10,0.9110897236263945,2.484999895095825,0.8370584071049237,3.507499933242798,0.9474183971513741,20.610000610351562,0.9932886023700344,2.137500047683716
2008-12-11,1.1079722292957586,2.4124999046325684,0.810071827227035,3.392857074737549,0.7850157628664824,19.450000762939453,0.9655062928807271,2.047499895095825
2008-12-12,0.833191298965657,2.5625,0.8153605931826821,3.509643077850342,0.8636065027153468,19.360000610351562,0.9098659003831419,2.1500000953674316
2008-12-15,0.8489779949455083,2.442500114440918,0.7705311684497824,3.3839290142059326,0.9428474829357145,19.040000915527344,1.0664646464646466,2.0799999237060547
2008-12-16,1.013038047520806,2.631500005722046,0.8409822289579308,3.4082140922546387,0.9246020629112807,20.110000610351562,0.8437263476578926,2.2200000286102295
2008-12-17,0.9476389191051915,2.6589999198913574,0.7765174892308458,3.184286117553711,0.9056142763262852,19.65999984741211,1.0677687552713346,2.3299999237060547
2008-12-18,0.979539641943734,2.6040000915527344,0.8358626145743469,3.1939289569854736,0.9488761924106219,19.299999237060547,0.9571035310675995,2.115000009536743
2008-12-19,0.8609556669653459,2.578000068664551,0.7694546343849352,3.2142860889434814,0.9464726671837095,19.1200008392334,1.04,2.130000114440918
2008-12-22,1.0997150997150997,2.492000102996826,0.8178787206010233,3.062143087387085,0.9601254617969527,19.18000030517578,1.0999999999999999,2.005000114440918
2008-12-23,1.01417004048583,2.553999900817871,1.0094877856579982,3.0850000381469727,0.9735971946879338,19.280000686645508,1.0454545454545454,1.9774999618530273
2008-12-24,0.891606644020398,2.572000026702881,0.9171717938904133,3.0371429920196533,0.8978641531897109,19.170000076293945,0.9890546033838716,1.9299999475479126
2008-12-29,0.8570907712837256,2.4700000286102295,0.9336447148864762,3.0932140350341797,0.8936428088462928,18.959999084472656,1.0291800930898676,1.9375
2008-12-30,1.0,2.5380001068115234,0.8721367669592542,3.0817859172821045,0.9209888168318108,19.34000015258789,1.1411764705882352,2.005000114440918
2008-12-31,0.9032414596273292,2.563999891281128,0.8699120460645179,3.0482139587402344,0.8897484873144099,19.440000534057617,0.9498205741626794,2.0174999237060547
2009-01-02,0.9418011159806826,2.7179999351501465,0.9390951043743759,3.2410709857940674,0.9156706706840396,20.329999923706055,0.9061781609195402,2.177500009536743
2009-01-05,0.9800630165557429,2.703000068664551,0.937826109111305,3.377856969833374,1.0424534924534925,20.520000457763672,1.0112015650522466,2.2174999713897705
2009-01-06,0.9983519844959956,2.868000030517578,0.9848042730442629,3.322143077850342,0.9470608339029393,20.760000228881836,1.009793373013313,2.2925000190734863
2009-01-07,0.9485783327215552,2.809999942779541,0.8255343790440037,3.250356912612915,1.011009769644097,19.510000228881836,0.9977335309701127,2.1549999713897705
2009-01-08,0.824278900749489,2.8580000400543213,0.9924596790788207,3.31071400642395,0.9406687095719536,20.1200008392334,0.9922709851802082,2.0999999046325684
2009-01-09,1.02163414240195,2.7755000591278076,0.9881325375348364,3.234999895095825,0.8646693301650724,19.520000457763672,1.0077838827838828,1.9824999570846558
2009-01-12,0.7643798856460147,2.5959999561309814,0.8659532695694205,3.166429042816162,0.9610487213249049,19.469999313354492,0.9712837927286729,1.902500033378601
2009-01-13,0.916877205583088,2.572499990463257,0.9749564465851225,3.132499933242798,0.9139387600792557,19.81999969482422,0.7623511708975867,1.912500023841858
2009-01-14,0.979004329004329,2.424499988555908,0.8422631217874684,3.047499895095825,0.9099813465667125,19.09000015258789,0.7986764320568767,1.8274999856948853
2009-01-15,0.9426391290387139,2.572000026702881,0.7326500456165075,2.9778571128845215,0.7906697273648722,19.239999771118164,0.9834310077101863,1.8925000429153442
2009-01-16,0.9174881343556042,2.5794999599456787,0.8826045284964142,2.940356969833374,0.9100178662215699,19.709999084472656,0.8940139018570391,1.997499942779541
2009-01-20,0.9025735294117647,2.421999931335449,0.7747774419040346,2.7928569316864014,0.9222177128427128,18.479999542236328,1.0053279221195264,1.8025000095367432
2009-01-21,0.9134199134199134,2.5269999504089355,0.9397783841913129,2.958214044570923,0.9345960245960246,19.3799991607666,0.9891378066378067,1.8899999856948853
2009-01-22,0.8905016552075377,2.496999979019165,0.8143414655250034,3.1557140350341797,0.6615361441542613,17.110000610351562,0.8920184396943927,1.8550000190734863
2009-01-23,0.9321901119408682,2.5315001010894775,0.7303447643367265,3.1557140350341797,0.8053293989507224,17.200000762939453,0.6397940635282616,1.9275000095367432
2009-01-26,0.9836260693144752,2.4814999103546143,0.9455848537769953,3.2014288902282715,0.9938427335556522,17.6299991607666,1.0100334497728238,1.9924999475479126
2009-01-27,0.8983192555614904,2.421999931335449,1.0024477803490368,3.240356922149658,0.8509164968810533,17.65999984741211,1.0653968875241584,2.109999895095825
2009-01-28,0.9599440967749505,2.5179998874664307,1.0378175801614722,3.364285945892334,0.9837491491076464,18.040000915527344,1.0512385762385763,2.197499990463257
2009-01-29,0.9134792241317226,2.5,1.0113878519340704,3.3214290142059326,0.8517696639796921,17.59000015258789,0.9262770048052307,2.069999933242798
2009-01-30,0.9122821553588234,2.940999984741211,0.7793503200096606,3.2189290523529053,0.9078598484848485,17.100000381469727,0.7718095238095237,1.9874999523162842
